MSE	MAE	loss
0.06853152612818762	0.16534450127128744	5.165064605884254
