MSE	MAE	loss
0.0685315261281876	0.1653445012712874	5.165064605884254
