MSE	MAE	loss
0.0871577623468472	0.2443475253087875	11.156374651938677
