MSE	MAE	loss
0.08715776234684723	0.2443475253087875	11.156374651938677
