MSE	MAE	loss
0.3122749337081881	0.3840796592892432	39.28627013496589
