MSE	MAE	loss
0.3122749337081881	0.38407965928924326	39.28627013496589
