MSE	MAE	loss
0.14308632656100284	0.2811727958118043	17.59961824223865
