MSE	MAE	loss
0.1430863265610028	0.2811727958118043	17.59961824223865
