MSE	MAE	loss
0.1007747210423676	0.2654780359322806	25.294454876799136
