MSE	MAE	loss
0.10077472104236765	0.26547803593228064	25.294454876799136
