MSE	MAE	loss
0.3860593142034219	0.3725545543336099	47.871354980859905
