MSE	MAE	loss
0.20557119019848408	0.3621833544969559	10.278559629310621
