MSE	MAE	loss
0.205571190198484	0.3621833544969559	10.27855962931062
