MSE	MAE	loss
0.1365266588351653	0.296373276039958	16.92930556507781
