MSE	MAE	loss
0.13652665883516538	0.296373276039958	16.92930556507781
