MSE	MAE	loss
0.24802441198054462	0.28383677141124986	62.25412711214449
