MSE	MAE	loss
0.2480244119805446	0.2838367714112498	62.25412711214449
