MSE	MAE	loss
0.4368423154058425	0.4254471787810325	21.84211615516688
