MSE	MAE	loss
0.4368423154058425	0.42544717878103255	21.842116155166877
